{"Tenure": 0.3932588845294276, "OrderCount": 0.06343881378748532, "DaySinceLastOrder": 0.10423542864606997, "CashbackAmount": 0.18735517284857758, "SatisfactionScore": 0.07526941776480782, "Complain": 0.08915528519876736, "HourSpendOnApp": 0.03370783902676909, "NumberOfDeviceRegistered": 0.05357915819809519}